place,환경,친환경
올레길 7코스(서귀포-월평 올레),0,0
올레길 1코스(시흥-광치기 올레),0,0
올레길 6코스(쇠소깍-서귀포 올레),0,0
올레길 18코스(제주원도심-조천 올레),0,0
올레길 5코스(남원-쇠소깍 올레),0,0
올레길 17코스(광령-제주원도심 올레),0,0
올레길 13코스(용수-저지 올레),0,0
올레길 10코스(화순-모슬포 올레),0,0
올레길 16코스(고내-광령 올레),0,0
올레길 8코스(월평-대평 올레),0,0
올레길 4코스(표선-남원 올레),0,0
올레길 20코스(김녕-하도 올레),0,0
올레길 19코스(조천-김녕 올레),0,0
올레길 9코스(대평-화순 올레),0,0
올레길 12코스(무릉-용수 올레),0,0
올레길 21코스,0,0
올레길 14-1코스(저지-서광 올레),0,0
올레길 1-1코스(우도-올레),0,0
올레길 7-1코스(월드컵경기장-서귀포 올레),0,0
올레길 3-B코스(온평-표선 올레),0,0
올레길 18-1코스(추자도-올레),0,0
올레길 3-A코스(온평-표선 올레),0,0
올레길 10-1코스(가파도 올레),0,0
남원큰엉해변,0,0
함덕해수욕장,0,0
협재해수욕장,0,0
이호테우해수욕장,0,0
성산일출봉,0,0
김녕해수욕장,0,0
섭지코지,0,0
사려니숲길,0,0
금능해수욕장,1,0
용머리해안,0,0
곽지해수욕장,0,0
천지연폭포,1,0
비자림,0,0
황우지해안,0,0
중문색달해수욕장,0,0
새별오름,0,0
산방산,0,0
마라도,0,0
중문대포주상절리대,0,0
9.81파크,1,0
용두암,0,0
표선해수욕장,0,0
세화해변,0,0
정방폭포,0,0
만장굴,0,0
새연교,1,0
카멜리아힐,0,1
월정리해수욕장,0,0
한라산국립공원,0,0
산굼부리,0,0
쇠소깍,0,0
도두동무지개해안도로,0,0
절물자연휴양림,0,0
천제연폭포,0,0
도두봉,0,0
사계해변,0,0
신창풍차해안도로,0,0
우도,0,0
제주허브동산,0,0
금오름,0,0
한라수목원,0,0
윈드1947카트테마파크,0,0
한림공원,5,0
서귀포치유의숲,0,0
광치기해변,0,0
송악산,0,0
삼양해수욕장,0,0
수월봉,0,0
거문오름,0,1
안돌오름,0,0
항파두리 항몽유적지,0,0
한라산국립공원 성판악탐방로,0,0
메이즈랜드,0,0
애월해안도로,0,0
한담해안산책로,0,0
서우봉,0,0
코난해변,0,0
용눈이오름,0,0
백약이오름,0,0
비양도,0,0
수목원테마파크,0,0
제주곶자왈도립공원,2,0
스누피가든,0,0
화조원,1,0
한라산1100고지,0,0
소천지,0,0
관덕정,0,0
이중섭거리,0,0
아부오름,0,0
김녕미로공원,0,0
다랑쉬오름,0,0
원앙폭포,0,0
브릭캠퍼스 제주,0,0
군산,0,0
가파도,0,0
에코랜드테마파크,0,0
논짓물해변,0,0
제주돌문화공원,0,0
제주불빛정원,0,0
창꼼,0,0
청굴물,0,0
제주레포츠랜드,1,0
엉또폭포,0,0
따라비오름,0,0
한라산국립공원 영실탐방로,0,0
송악산둘레길,0,0
서귀포자연휴양림,0,0
선녀와나무꾼 테마공원,0,0
돌염전,0,0
형제해안도로,0,0
파더스가든,1,0
제주동백수목원,0,0
월령선인장군락지,0,0
소인국테마파크,0,0
제주4.3평화공원,0,0
제주중문관광단지,0,0
안덕계곡,0,0
사라봉,0,0
동백포레스트,0,0
쇠소깍관광지,0,0
바운스슈퍼파크 제주센터,0,0
저지오름,0,0
서프라이즈테마파크,0,0
한라생태숲,1,0
교래자연휴양림,0,0
추자도,0,0
닭머르,0,0
박수기정,0,0
어승생,0,0
혼인지,0,0
액티브파크,0,0
하도해변,0,0
삼성혈,0,0
붉은오름자연휴양림,0,1
지미봉,0,0
제주코코몽에코파크,0,0
물영아리,0,0
일출랜드,0,0
별방진,0,0
마방목지,0,0
엉덩물계곡,0,0
동백동산,0,0
백록담,0,0
용연계곡,0,0
하례감귤체험농장,0,1
곶자왈,0,0
한라산국립공원 관음사탐방로,0,0
서귀다원,0,0
유채꽃프라자,0,0
검멀레해변,0,0
우도산호해변,0,0
수월봉전망대,0,0
산양큰엉곶,0,0
닭머르해안길 1코스,0,0
삼다수숲길,0,0
한라산 성판악탐방안내소,0,0
알뜨르비행장,0,0
상가리야자숲,0,0
신창풍차해안,0,0
수월봉지질트레일,0,0
돈내코유원지,0,0
수산봉,0,0
평대리해수욕장,0,0
머체왓숲길 방문객지원센터,0,0
5.16도로숲터널,0,0
아끈다랑쉬오름,0,0
방림원,0,0
제주유채꽃도로,0,0
큰노꼬메오름,0,0
황우지선녀탕,0,0
영주산,0,0
오늘은카트레이싱,0,0
하고수동해변,0,0
흑돼지거리,0,0
제주올레여행자센터,0,0
태웃개,0,0
신화워터파크,0,0
용담해안도로,0,0
엉알해안,0,0
세리월드,0,0
위미동백나무군락,0,0
문도지오름,0,0
신양섭지해수욕장,0,0
차귀도,0,0
소정방폭포,0,0
새별프렌즈,0,0
사려니숲길 관광안내소,0,0
종달리해변,0,0
고근산,0,0
사라오름,0,0
송당무끈모루,0,0
성읍랜드,0,0
제주목 관아,0,0
한라산,0,0
하효쇠소깍해변,0,0
강정천,0,0
종달리수국길,0,0
금능석물원,0,0
민오름,1,0
산물관광농원,0,0
한남리머체왓숲길,0,0
몽돌해변,0,0
세기알해변,0,0
오저여,0,0
당산봉,0,0
저지예술인마을,0,0
붉은오름,0,0
짱구네 유채꽃밭,0,0
서귀포천문과학문화관,0,0
조천만세동산,0,0
주상절리관광안내소,0,0
제주카페거리,0,0
비양도망대,0,0
추사유배지,0,0
사려니숲,0,0
도구리알,0,0
신흥해수욕장,0,0
월평마을 아왜낭목 쉼터,0,0
한라산둘레길 수악길,0,0
한라산둘레길 사려니숲길,0,0
산천단,0,0
검은오름,0,0
쇠머리오름,0,0
정물오름,0,0
송악산 전망대,0,0
산방산랜드,0,0
종달리해안도로,0,0
용두암 인증센터,0,0
올티스,0,0
화순 곶자왈생태탐방숲길,0,0
한림공원 협재굴,0,0
제주올레 7코스 여행자센터,0,0
이승이오름,0,0
전농로왕벚꽃거리,0,0
갯깍주상절리대,0,0
서우봉 산책로,0,0
부림온천,0,0
천아계곡,0,0
천주교용수성지,0,0
월대천,0,0
소금막해변,0,0
돈내코계곡,0,0
큰바리메,0,0
새섬,0,0
생이기정,0,0
고스트타운,0,0
설록다원도순,0,0
큰엉,0,0
제지기오름,0,0
화순곶자왈,0,0
보롬왓수국길,0,0
제주삼나무길,0,0
한라산 웃세붉은오름,0,0
제주올레1코스 공식안내소,0,0
두산봉,0,0
별도봉,0,0
애월돌고래전망대,0,0
베릿내오름,0,0
한라산국립공원 어리목탐방로,0,0
윗세오름,0,0
외돌개 전망대,0,0
쉬리의언덕,0,0
거슨세미오름,0,0
수산저수지,0,0
제주커피수목원,0,0
트로이테마농원,0,0
한림공원 아열대식물원,0,0
제주웰컴센터,0,0
제주탐나라공화국,1,0
성산일출해양도립공원,0,0
김녕성세기해변 인증센터,0,0
한남시험림탐방,0,0
1100고지습지 람사르습지,0,0
산지천,0,0
강정천유원지,0,0
알작지해변,0,0
함덕서우봉해변 인증센터,0,0
단산,0,0
느지리오름,0,0
녹차동굴,0,0
섯알오름,0,0
산양곶자왈,0,1
대록산,0,0
비블리아성서식물원,0,0
어음리억새군락지,0,0
월정리카페거리,0,0
새미동산,0,0
귤의 정원 바령,2,0
남원용암해수풀장,0,0
일출랜드 미천굴,0,0
우도정원,0,0
위미동백나무군락,0,0
루나폴,0,0
제주성지,0,0
연북정,0,0
절물오름,0,0
오드싱오름,0,0
알오름,0,0
수산한못,0,0
돔베낭골,0,0
절물자연휴양림 장생의숲길,0,0
제주 종달리전망대,0,0
영락리 방파제,0,0
과물노천탕,0,0
제주올레19코스 공식안내소,0,0
거린사슴 전망대,1,0
성산일출봉 인증센터,0,0
다락쉼터 인증센터,0,0
법환바당 인증센터,0,0
황우치해변,0,0
대수산봉,0,0
황우지해안열두굴,0,0
라온쥬,0,0
잃어버린마을곤을동,0,0
광치기중간,0,0
삼매봉,0,0
복자 김기량 순교현양비,0,0
왕이메,1,0
원당봉,0,0
아라고나이트 고온천,0,0
송악산 진지동굴,0,0
식산봉,0,0
송악산 인증센터,0,0
세미양오름,0,0
서건도,0,0
보목해안도로,0,0
올레요7쉼터,0,0
김녕금속공예벽화마을,0,0
선인장자생지,0,0
한라산 정상안내소,0,0
감사공묘역,0,0
수산봉둘레길,0,0
제주모슬포알뜨르비행장 일제 지하벙커,0,0
새별오름관광타운,0,0
치유의숲 방문자센터,0,0
김녕사굴,0,0
제주올레16코스 공식안내소,0,0
추억의숲길,0,0
솜반천,0,0
한라산영실,0,0
표선해안도로,0,0
붉은오름,0,0
돛오름,0,0
형제섬,0,0
제주곶자왈도립공원 탐방안내소,0,0
한라산둘레길 동백길,0,0
매오름,0,0
바농오름,0,0
해거름마을공원 인증센터,0,0
대정향교,0,0
제주올레5코스 공식안내소,0,0
동검은이오름,0,0
월라봉,0,0
편백나무숲,0,0
한라산둘레길 돌오름길,0,0
당오름,0,0
높은오름,0,0
한라산국립공원 돈내코탐방로,0,0
열리해안도로,0,0
안세미오름,0,0
무병장수테마파크,0,0
관곶,0,0
원물오름,0,0
도두추억애거리,0,0
별도봉산책로,0,0
숫모르숲길,0,0
제주4.3 안덕 평화공원,0,0
송당본향당,0,0
개오름,0,0
한라산둘레길 천아숲길,0,0
범섬,0,0
한라산사라오름 산정호수,0,0
신화가든,0,0
모슬봉,0,0
민오름,0,0
고근산 산책로,0,0
미악산,0,0
제주향농원,0,0
이중섭거주지,0,0
족은노꼬메오름,0,0
우뭇개해안,0,0
서우봉 일몰지,0,0
정난주마리아묘,0,0
제주올레14코스 공식안내소,0,0
개다리폭포,0,0
세리월드 카트레이싱,0,0
톨칸이해변,0,0
다랑쉬굴,0,0
중엄새물,0,0
