place,Top5,환경,친환경,야경
올레길 7코스(서귀포-월평 올레),"['올레길', '코스', '풍경', '제주', '최고']",0,0,0
올레길 1코스(시흥-광치기 올레),"['코스', '오름', '달리', '처음', '성산']",0,0,0
올레길 6코스(쇠소깍-서귀포 올레),"['코스', '올레', '올레길', '쇠소깍', '거리']",0,0,0
올레길 18코스(제주원도심-조천 올레),"['코스', '올레길', '올레', '바다', '사라봉']",0,0,0
올레길 5코스(남원-쇠소깍 올레),"['코스', '산책', '올레길', '사진', '생각']",0,0,0
올레길 17코스(광령-제주원도심 올레),"['코스', '시작', '해안', '내리막길', '공항']",0,0,0
올레길 13코스(용수-저지 올레),"['코스', '마을', '올레길', '저지', '오름']",0,0,0
올레길 10코스(화순-모슬포 올레),"['코스', '송악산', '제주', '해안', '난개발']",0,0,0
올레길 16코스(고내-광령 올레),"['해안', '역방향', '도로', '코스', '청보']",0,0,0
올레길 8코스(월평-대평 올레),"['중문', '중간', '포구', '이후', '투어']",0,0,0
올레길 4코스(표선-남원 올레),"['코스', '해변', '중간', '추천', '날씨']",0,0,0
올레길 20코스(김녕-하도 올레),"['지질', '트레킹', '구간', '걷기', '현무암']",0,0,0
올레길 19코스(조천-김녕 올레),"['코스', '올레길', '방향', '걷기', '역방향']",0,0,0
올레길 9코스(대평-화순 올레),"['코스', '군산', '오름', '올레길', '추천']",0,0,0
올레길 12코스(무릉-용수 올레),"['차귀도', '코스', '수월봉', '최고', '당산']",0,0,0
올레길 21코스,"['지미', '오름', '정상', '코스', '역방향']",0,0,0
올레길 14-1코스(저지-서광 올레),"['코스', '올레길', '오설록', '역방향', '사람']",0,0,0
올레길 1-1코스(우도-올레),"['도봉', '종아리', '최고', '킬로', '최대']",0,0,0
올레길 7-1코스(월드컵경기장-서귀포 올레),"['서귀포', '고근산', '폭포', '오르막', '한라산']",0,0,0
올레길 3-B코스(온평-표선 올레),"['코스', '우회', '소요', '해안', '마지막']",0,0,0
올레길 18-1코스(추자도-올레),"['추자도', '코스', '올레길', '하루', '내리막']",0,0,0
올레길 3-A코스(온평-표선 올레),"['김영갑', '갤러리', '제외', '코스', '여름']",0,0,0
올레길 10-1코스(가파도 올레),"['자전거', '스탬프', '가파도', '올레길', '배시']",0,0,0
남원큰엉해변,"['한반도', '산책', '산책로', '바다', '사람']",0,0,0
함덕해수욕장,"['해변', '바다', '해수욕장', '함덕', '제주']",0,0,0
협재해수욕장,"['바다', '해변', '제주', '제주도', '최고']",0,0,1
이호테우해수욕장,"['바다', '등대', '해변', '사진', '이호']",0,0,0
성산일출봉,"['정상', '성산', '무료', '일출봉', '코스']",0,0,0
김녕해수욕장,"['바다', '해변', '사람', '제주도', '해수욕장']",0,0,0
섭지코지,"['성산', '바람', '섭지코지', '풍경', '주차']",0,0,0
사려니숲길,"['숲길', '입구', '오름', '주차장', '주차']",0,0,0
금능해수욕장,"['바다', '최고', '해변', '사람', '해수욕장']",1,0,0
용머리해안,"['입장', '전화', '방문', '절경', '제주도']",0,0,0
곽지해수욕장,"['바다', '해수욕장', '제주도', '주차장', '해변']",0,0,0
천지연폭포,"['폭포', '산책', '사진', '저녁', '주차장']",1,0,1
비자림,"['산책', '사람', '자림', '힐링', '걷기']",0,0,0
황우지해안,"['사람', '계단', '수영', '날씨', '선녀탕']",0,0,0
중문색달해수욕장,"['파도', '바다', '서핑', '해수욕장', '사람']",0,0,0
새별오름,"['경사', '오른쪽', '억새', '왼쪽', '정상']",0,0,0
산방산,"['산방산', '용머리', '해안', '제주', '제주도']",0,0,0
마라도,"['짜장면', '마라도', '추천', '가파도', '배멀미']",0,0,0
중문대포주상절리대,"['입장료', '천원', '주차', '주상절리', '바다']",0,0,0
9.81파크,"['카트', '직원', '가격', '친절', '게임']",1,0,0
용두암,"['바다', '용두암', '산책', '용머리', '바위']",0,0,0
표선해수욕장,"['해수욕장', '바다', '백사장', '아이들', '수심']",0,0,0
세화해변,"['해변', '바다', '사람', '제주', '아쿠아']",0,0,0
정방폭포,"['폭포', '바다', '입장료', '사진', '추천']",0,0,0
만장굴,"['동굴', '바닥', '여름', '용암', '자연']",0,0,0
새연교,"['다리', '바람', '산책', '새섬', '야경']",1,0,5
카멜리아힐,"['사진', '동백', '수국', '동백꽃', '정원']",0,1,0
월정리해수욕장,"['바다', '해변', '정리', '사람', '서핑']",0,0,0
한라산국립공원,"['백록담', '코스', '관음사', '증서', '등산']",0,0,0
산굼부리,"['입장료', '억새', '천원', '오름', '분화구']",0,0,0
쇠소깍,"['카약', '쇠소깍', '친절', '한번쯤', '깡통']",0,0,0
도두동무지개해안도로,"['사진', '도로', '해안', '사람', '무지개']",0,0,1
절물자연휴양림,"['삼나무', '휴양림', '산책', '제주', '공기']",0,0,0
천제연폭포,"['폭포', '계단', '다리', '사진', '천지연']",0,0,0
도두봉,"['공항', '사진', '비행기', '바다', '정상']",0,0,3
사계해변,"['사진', '스타', '사람', '해변', '카페']",0,0,1
신창풍차해안도로,"['바람', '노을', '풍차', '바다', '풍력']",0,0,0
우도,"['우도', '사람', '기차', '해변', '자전거']",0,0,0
제주허브동산,"['족욕', '야간', '조명', '허브', '체험']",0,0,4
금오름,"['정상', '경치', '오름', '사람', '금오름']",0,0,1
한라수목원,"['산책', '주차', '무료', '수목원', '나무']",0,0,0
윈드1947카트테마파크,"['카트', '사람', '직원', '운전', '코스']",0,0,0
한림공원,"['입장료', '동물', '공원', '식물', '동굴']",5,0,0
서귀포치유의숲,"['예약', '중간', '힐링', '코스', '해설']",0,0,0
광치기해변,"['해변', '일출봉', '일출', '성산', '간조']",0,0,0
송악산,"['둘레길', '바람', '바다', '마라도', '송악산']",0,0,0
삼양해수욕장,"['해변', '모래', '해수욕장', '바다', '스노클링']",0,0,0
수월봉,"['노을', '맛집', '바다', '바람', '산책']",0,0,0
거문오름,"['코스', '사람', '오름', '분화구', '예약']",0,1,0
안돌오름,"['비밀', '오름', '사진', '입구', '정상']",0,0,0
항파두리 항몽유적지,"['해바라기', '코스모스', '사진', '만개', '무료']",0,0,0
한라산국립공원 성판악탐방로,"['등산', '코스', '하산', '등반', '운동']",0,0,0
메이즈랜드,"['미로', '퍼즐', '아이들', '박물관', '생각']",0,0,0
애월해안도로,"['드라이브', '코스', '최고', '중문', '해안']",0,0,0
한담해안산책로,"['산책', '카페', '바다', '사람', '제주']",0,0,0
서우봉,"['서우', '함덕', '바다', '유채', '해수욕장']",0,0,0
코난해변,"['쓰레기', '물고기', '스노', '스노클링', '샤워실']",0,0,0
용눈이오름,"['바람', '오름', '출입', '정상', '주차장']",0,0,0
백약이오름,"['정상', '오름', '경치', '바퀴', '입구']",0,0,0
비양도,"['비양도', '쓰레기', '자전거', '코스', '해안']",0,0,0
수목원테마파크,"['얼음', '썰매', '야시장', '수목원', '체험']",0,0,0
제주곶자왈도립공원,"['코스', '전망대', '입장료', '자연', '운동화']",2,0,0
스누피가든,"['야외', '사진', '입장료', '실내', '카페']",0,0,0
화조원,"['동물', '체험', '먹이', '알파카', '아이들']",1,0,0
한라산1100고지,"['습지', '한라산', '풍경', '눈꽃', '고지']",0,0,0
소천지,"['천지', '바위', '사진', '위험', '주차']",0,0,0
관덕정,"['관덕정', '기억', '주변', '공사', '광장']",0,0,0
이중섭거리,"['거리', '기념품', '올레', '시장', '제주도']",0,0,0
아부오름,"['오름', '산책', '분화구', '정상', '사진']",0,0,0
김녕미로공원,"['미로', '고양이', '아이들', '포토', '놀이터']",0,0,0
다랑쉬오름,"['오름', '정상', '최고', '왼쪽', '여왕']",0,0,0
원앙폭포,"['폭포', '사람', '계단', '원앙', '주차장']",0,0,0
브릭캠퍼스 제주,"['레고', '체험', '블럭', '작품', '아이들']",0,0,0
군산,"['운전', '정상', '경치', '차로', '초보']",0,0,0
가파도,"['자전거', '가파도', '보리', '사람', '청보']",0,0,0
에코랜드테마파크,"['기차', '방문', '겨울', '사진', '직원']",0,0,0
논짓물해변,"['쓰레기', '바다', '바닷물', '담수', '민물']",0,0,0
제주돌문화공원,"['제주', '제주도', '박물관', '산책', '코스']",0,0,0
제주불빛정원,"['사진', '친절', '직원', '기대', '조명']",0,0,0
창꼼,"['사진', '사람', '바위', '스팟', '근처']",0,0,0
청굴물,"['방문', '백사', '골목', '운전', '생각']",0,0,0
제주레포츠랜드,"['카트', '할인', '코스', '친절', '직원']",1,0,0
엉또폭포,"['폭포', '비오', '태풍', '입구', '사람']",0,0,0
따라비오름,"['오름', '정상', '최고', '계단', '따라비오름']",0,0,0
한라산국립공원 영실탐방로,"['필요', '코스', '바람', '필수', '윗세오름']",0,0,0
송악산둘레길,"['바다', '경치', '최고', '바퀴', '추천']",0,0,0
서귀포자연휴양림,"['코스', '산책', '자연휴양림', '드라이브', '서귀포']",0,0,0
선녀와나무꾼 테마공원,"['부모', '추억', '생각', '네이버', '기대']",0,0,0
돌염전,"['사람', '근처', '신비', '볼거리', '바다']",0,0,0
형제해안도로,"['바닷길', '산책']",0,0,0
파더스가든,"['동물', '사진', '포토', '친절', '체험']",1,0,0
제주동백수목원,"['동백', '사진', '나무', '천원', '사람']",0,0,0
월령선인장군락지,"['선인장', '산책', '바다', '기대', '산책로']",0,0,0
소인국테마파크,"['아이들', '여행', '중간', '사진', '코스']",0,0,0
제주4.3평화공원,"['제주', '역사', '사람', '기억', '장소']",0,0,0
제주중문관광단지,"['제주도', '처음', '오신', '추천', '볼거리']",0,0,0
안덕계곡,"['산책', '육지', '공사', '입장', '불가']",0,0,0
사라봉,"['토끼', '풍경', '벚꽃', '계단', '사라봉']",0,0,3
동백포레스트,"['사진', '동백꽃', '사람', '입장료', '동백']",0,0,0
쇠소깍관광지,"['카약', '사람', '나룻배', '대기', '쇠소깍']",0,0,1
바운스슈퍼파크 제주센터,"['양말', '미끄럼', '구매', '튜브', '대기']",0,0,0
저지오름,"['분화구', '계단', '정상', '둘레길', '오름']",0,0,1
서프라이즈테마파크,"['작품', '아이들', '야간', '사진', '생각']",0,0,0
한라생태숲,"['산책', '숲길', '아이들', '이용', '기분']",1,0,0
교래자연휴양림,"['곶자왈', '코스', '산책', '추천', '자연']",0,0,0
추자도,"['코스', '제주도', '추천', '올레', '추자도']",0,0,0
닭머르,"['주차', '정자', '바람', '제주', '사진']",0,0,1
박수기정,"['박수기', '포구', '카페', '노을', '루시아']",0,0,0
어승생,"['한라산', '오름', '왕복', '등반', '아이젠']",0,0,0
혼인지,"['수국', '무료', '입장료', '연못', '최고']",0,0,0
액티브파크,"['친절', '직원', '클라이밍', '카트', '아이들']",0,0,0
하도해변,"['해수욕장', '해변', '미역', '샤워', '수심']",0,0,0
삼성혈,"['입장료', '역사', '제주도', '제주', '삼성혈']",0,0,0
붉은오름자연휴양림,"['휴양림', '숙소', '산책', '쓰레기', '주차장']",0,1,0
지미봉,"['정상', '계단', '성산', '경사', '일출봉']",0,0,0
제주코코몽에코파크,"['무한', '시설', '야외', '생각', '기저귀']",0,0,0
물영아리,"['습지', '계단', '둘레길', '비오', '정상']",0,0,0
일출랜드,"['관리', '천구', '동굴', '입장료', '미천']",0,0,0
별방진,"['방진', '장소', '바다', '사진', '경치']",0,0,0
마방목지,"['가까이', '제주마', '날씨', '제주도', '마리']",0,0,0
엉덩물계곡,"['유채', '계곡', '꽃밭', '제주', '시기']",0,0,0
동백동산,"['걷기', '습지', '입구', '자연', '서쪽']",0,0,0
백록담,"['백록담', '코스', '관음사', '도착', '하산']",0,0,0
용연계곡,"['용두암', '계곡', '근처', '산책', '공항']",0,0,0
하례감귤체험농장,"['체험', '감귤', '친절', '농장', '추천']",0,1,0
곶자왈,"['운동화', '곶자왈', '걷기', '필수', '자림']",0,0,0
한라산국립공원 관음사탐방로,"['버스', '택시', '풍경', '이용', '한라산']",0,0,0
서귀다원,"['녹차', '할머니', '친절', '기분', '소리']",0,0,0
유채꽃프라자,"['억새', '유채', '사람', '음료', '풍력']",0,0,0
검멀레해변,"['보트', '우도', '해변', '풍경', '추천']",0,0,0
우도산호해변,"['바다', '해변', '모래', '산호', '맨발']",0,0,0
수월봉전망대,"['바람', '올레길', '전동', '바이크', '추천']",0,0,0
산양큰엉곶,"['숲길', '중간', '포토', '주차장', '철길']",0,0,0
닭머르해안길 1코스,"['장소', '스팟', '최고', '노을', '억새']",0,0,0
삼다수숲길,"['숲길', '사람', '입구', '코스', '주차장']",0,0,0
한라산 성판악탐방안내소,"['한라산', '입산', '까마귀', '예약', '절기']",0,0,0
알뜨르비행장,"['역사', '제주', '일본', '기억', '만행']",0,0,0
상가리야자숲,"['사진', '야자수', '주차', '길가', '느낌']",0,0,0
신창풍차해안,"['바다', '쓰레기', '풍차', '드라이브', '바람']",0,0,0
수월봉지질트레일,"['전기', '자연', '문화재', '활동', '안전띠']",0,0,0
돈내코유원지,"['폭포', '원앙', '계곡', '주차', '물놀이']",0,0,0
수산봉,"['그네', '산책', '사진', '나무', '수산']",0,0,0
평대리해수욕장,"['카페', '사람', '해변', '해안', '도로']",0,0,0
머체왓숲길 방문객지원센터,"['숲길', '걷기', '자연', '휴식', '힐링']",0,0,0
5.16도로숲터널,"['드라이브', '코스', '평소', '힐링', '여름']",0,0,0
아끈다랑쉬오름,"['억새', '다랑쉬오름', '오름', '정상', '입구']",0,0,0
방림원,"['엄마', '네이버', '천원', '입장료', '정성']",0,0,0
제주유채꽃도로,"['유채', '벚꽃', '드라이브', '사진', '꽃길']",0,0,0
큰노꼬메오름,"['정상', '주차장', '오름', '최고', '한라산']",0,0,0
황우지선녀탕,"['계단', '사람', '수영', '선녀탕', '위험']",0,0,0
영주산,"['계단', '정상', '오름', '주차장', '풍경']",0,0,0
오늘은카트레이싱,"['카트', '속도', '설명', '패스', '녹차']",0,0,0
하고수동해변,"['해변', '바다', '우도', '샤워실', '색깔']",0,0,0
흑돼지거리,"['생각', '블로그', '가가', '돼지', '모듬']",0,0,0
제주올레여행자센터,"['올레', '올레길', '코스', '완주', '시설']",0,0,0
태웃개,"['파도', '포인트', '물놀이', '현지', '피서지']",0,0,0
신화워터파크,"['수건', '워터파크', '직원', '안내', '물놀이']",0,0,0
용담해안도로,"['사진', '파도', '바다', '드라이브', '비오']",0,0,0
엉알해안,"['자전거', '전기', '도로', '근처', '바이크']",0,0,0
세리월드,"['카트', '친절', '직원', '승마', '사람']",0,0,0
위미동백나무군락,"['동백', '수목원', '개방', '사진', '코스']",0,0,0
문도지오름,"['풍경', '주의', '말똥', '사람', '오름']",0,0,0
신양섭지해수욕장,"['미역', '해변', '바다', '인지', '샤워실']",0,0,0
차귀도,"['제주', '차귀도', '경관', '사람', '쓰레기']",0,0,0
소정방폭포,"['폭포', '정방폭포', '소정방폭포', '올레길', '바다']",0,0,0
새별프렌즈,"['동물', '체험', '먹이', '알파카', '아이들']",0,0,0
사려니숲길 관광안내소,"['숲길', '회오리', '감자', '지도', '힐링']",0,0,0
종달리해변,"['해변', '시기', '파래', '성산', '일출봉']",0,0,0
고근산,"['정상', '한라산', '전망대', '계단', '나무']",0,0,0
사라오름,"['성인', '아이와', '최고', '한곳', '하산']",0,0,0
송당무끈모루,"['사진', '카페', '안도', '인생', '포토']",0,0,0
성읍랜드,"['카트', '코스', '처음', '승마', '예약']",0,0,0
제주목 관아,"['관아', '제주', '일제', '귤나무', '방문']",0,0,0
한라산,"['관음사', '코스', '정상', '한라산', '등반']",0,0,0
하효쇠소깍해변,"['모래', '해변', '쇠소깍', '바다', '생각']",0,0,0
강정천,"['급수', '은어', '사람', '하류', '기름']",0,0,0
종달리수국길,"['수국', '사진', '드라이브', '바다', '위험']",0,0,0
금능석물원,"['입장료', '무료', '골목', '천원', '명장']",0,0,0
민오름,"['오름', '정상', '제주', '운동', '시내']",1,0,0
산물관광농원,"['커피', '한라봉', '음료', '박물관', '정원']",0,0,0
한남리머체왓숲길,"['숲길', '나무', '리본', '중간', '걷기']",0,0,0
몽돌해변,"['소리', '해변', '바다', '파도', '공사']",0,0,0
세기알해변,"['사람', '스노', '해변', '주변', '아이들']",0,0,0
오저여,"['오저', '일몰', '풍경', '광어', '돌고래']",0,0,0
당산봉,"['당산', '차귀도', '정상', '한라산', '일몰']",0,0,0
저지예술인마을,"['코로나', '동네', '산책']",0,0,0
붉은오름,"['오름', '숲길', '산책', '해넘이', '환상']",0,0,0
짱구네 유채꽃밭,"['유채', '사진', '천원', '입장료', '성비']",0,0,0
서귀포천문과학문화관,"['겨울', '보기', '별자리', '방법', '선생님']",0,0,0
조천만세동산,"['기념관', '정성', '조천', '사람', '여유']",0,0,0
주상절리관광안내소,[''],0,0,0
제주카페거리,"['카페', '바다', '드라이브', '예뻐', '버거']",0,0,0
비양도망대,"['우도', '비양도', '캠핑', '해변', '일출']",0,0,0
추사유배지,"['사관', '방문', '무료', '설명', '제주']",0,0,0
사려니숲,"['오마', '제주', '평탄', '운동화', '온대']",0,0,0
도구리알,"['돌고래', '바다', '마리', '포인트', '출현']",0,0,0
신흥해수욕장,"['사람', '해변', '기대', '화장실', '물결']",0,0,0
월평마을 아왜낭목 쉼터,"['올레', '한라산', '등반', '안치']",0,0,0
한라산둘레길 수악길,[''],0,0,0
한라산둘레길 사려니숲길,"['입구', '숲길', '사람', '나무', '채취']",0,0,0
산천단,"['나무', '천단', '곰솔', '역사', '투어']",0,0,0
검은오름,"['정상', '방향', '삼나무', '오름', '조망']",0,0,0
쇠머리오름,"['우도', '오름', '해변', '성산', '일출봉']",0,0,0
정물오름,"['오른쪽', '왼쪽', '계단', '사람', '금오름']",0,0,0
송악산 전망대,"['경치', '전망대', '바퀴', '산책', '풍경']",0,0,0
산방산랜드,"['바이킹', '사장', '산방산', '랜드', '친절']",0,0,0
종달리해안도로,"['우도', '성산', '일출봉', '바다', '드라이브']",0,0,0
용두암 인증센터,"['자전거', '환장', '인증', '도장', '일주']",0,0,0
올티스,"['시음', '예약', '녹차', '체험', '클래스']",0,0,0
화순 곶자왈생태탐방숲길,"['제주', '입구', '주차', '여행', '소가']",0,0,0
한림공원 협재굴,"['동굴', '생각', '사람', '공개', '가족']",0,0,0
제주올레 7코스 여행자센터,"['식사', '문해', '시설', '워킹', '여행자']",0,0,0
이승이오름,"['정상', '둘레길', '입구', '계단', '숲길']",0,0,0
전농로왕벚꽃거리,"['통제', '축제', '거리', '벚꽃']",0,0,0
갯깍주상절리대,"['금지', '출입', '낙석', '인해', '발길']",0,0,0
서우봉 산책로,"['풍경', '유채', '만개', '일몰', '감동']",0,0,0
부림온천,"['온천', '목욕탕', '사람', '목욕', '사우나']",0,0,0
천아계곡,"['단풍', '촬영', '만개', '계곡']",0,0,0
천주교용수성지,"['기념관', '기념', '성당', '경사', '표착']",0,0,0
월대천,"['태풍', '온도', '차지', '나무', '그늘']",0,0,0
소금막해변,"['해변', '바다', '파도', '해수욕장', '모래']",0,0,0
돈내코계곡,"['계곡', '나무', '그늘', '최고', '최근']",0,0,0
큰바리메,"['정상', '바리', '경사', '분화구', '둘레길']",0,0,0
새섬,"['소등', '산책', '중간', '탈출', '평화']",0,0,0
생이기정,"['올레길', '코스', '차귀도', '당산', '일몰']",0,0,0
고스트타운,"['체험', '데드', '프리즈', '추천', '소리']",0,0,0
설록다원도순,"['출입', '금지', '녹차', '현재', '외부인']",0,0,0
큰엉,"['모양', '벌레', '올레길', '산책', '하트']",0,0,0
제지기오름,"['계단', '나무', '오름', '정상', '느낌']",0,0,0
화순곶자왈,"['곶자왈', '사람', '느낌', '방문', '충격']",0,0,0
보롬왓수국길,"['수국', '러버', '추천', '카페', '안쪽']",0,0,0
제주삼나무길,"['드라이브', '코스', '사고', '길이', '예뻐']",0,0,0
한라산 웃세붉은오름,"['오름', '한라산', '철쭉', '장관', '티어']",0,0,0
제주올레1코스 공식안내소,"['친절', '코스', '전망대', '성산', '일출봉']",0,0,0
두산봉,"['오름', '성산', '우도', '일출봉', '사람']",0,0,0
별도봉,"['제주', '바다', '제주항', '제주시', '걷기']",0,0,0
애월돌고래전망대,"['돌고래', '마리']",0,0,0
베릿내오름,"['산책', '분화구', '바다', '걷기', '나무']",0,0,0
한라산국립공원 어리목탐방로,"['어리', '한라산', '코스', '들머리', '머리']",0,0,0
윗세오름,"['최고', '대피소', '탐방', '등반', '어리']",0,0,0
외돌개 전망대,"['산책', '외돌개', '풍경', '걷기', '주차장']",0,0,0
쉬리의언덕,"['신라호텔', '투숙객', '쉬리', '가보세', '제주']",0,0,0
거슨세미오름,"['정상', '오름', '둘레길', '입구', '마음']",0,0,0
수산저수지,"['저수지', '수산', '일출', '나무', '풀숲']",0,0,0
제주커피수목원,"['체험', '커피', '꼬냑', '상태', '판매']",0,0,0
트로이테마농원,"['체험', '승마', '사장', '친절', '경험']",0,0,0
한림공원 아열대식물원,"['제주', '제주도', '식물원', '규모', '식물']",0,0,0
제주웰컴센터,[''],0,0,0
제주탐나라공화국,"['느낌', '오픈', '여권', '기대', '장소']",1,0,0
성산일출해양도립공원,"['정상', '최고', '성산', '일출봉', '일출']",0,0,0
김녕성세기해변 인증센터,"['바다', '에메랄드', '해변', '이호', '가시']",0,0,0
한남시험림탐방,"['예약', '나무', '처음', '삼나무', '산림청']",0,0,0
1100고지습지 람사르습지,"['습지', '산책', '고지', '바퀴', '휴게']",0,0,0
산지천,"['산지천', '올레길']",0,0,0
강정천유원지,"['관리', '평상', '기름때', '서귀포시', '고기']",0,0,0
알작지해변,"['제주', '바다', '생각', '사람', '사진']",0,0,0
함덕서우봉해변 인증센터,[''],0,0,0
단산,"['입구', '오름', '정상', '단산', '위험']",0,0,0
느지리오름,"['나무', '전망대', '날씨', '산책', '조망']",0,0,0
녹차동굴,"['사진', '추천']",0,0,0
섯알오름,"['역사', '올레', '코스', '기보', '기억']",0,0,0
산양곶자왈,"['곶자왈', '입장료', '제주', '풍경', '숲길']",0,1,0
대록산,"['정상', '억새', '오름', '그늘', '계단']",0,0,0
비블리아성서식물원,"['식물', '허브', '성경', '식물원', '방문']",0,0,0
어음리억새군락지,"['억새', '제철', '포토', '스팟', '사람']",0,0,0
월정리카페거리,"['드라이브', '해변', '바닷가', '풍경', '사랑']",0,0,0
새미동산,"['월말', '목수', '동물', '입장료', '천원']",0,0,0
귤의 정원 바령,"['사장', '유기농', '체험', '농약', '방문']",2,0,0
남원용암해수풀장,"['가능', '배달', '여름', '풀장', '주말']",0,0,0
일출랜드 미천굴,"['천구', '만장굴', '아기', '느낌', '작고']",0,0,0
우도정원,"['야자수', '입장료', '오픈', '생각', '사진']",0,0,0
위미동백나무군락,"['사진', '입장료', '동백', '맛집', '마스크']",0,0,0
루나폴,"['입장료', '한곳', '예뻐서', '후회', '추억']",0,0,0
제주성지,"['탐라', '연상', '년대', '선비', '휴식']",0,0,0
연북정,"['바람', '조선', '불교', '연북정', '허허벌판']",0,0,0
절물오름,"['휴양림', '정상', '코스', '장생', '숲길']",0,0,0
오드싱오름,"['정상부', '분화구', '남북', '평지', '형상']",0,0,0
알오름,"['오름', '성산', '최고', '일출봉', '우도']",0,0,0
수산한못,"['구름', '사진', '날씨', '의자', '바퀴']",0,0,0
돔베낭골,"['해안', '연결', '주차장', '정자', '절벽']",0,0,0
절물자연휴양림 장생의숲길,"['경사', '대성', '나무', '편백', '삼나무']",0,0,0
제주 종달리전망대,"['돌고래', '전망대', '우도', '풍경', '수국']",0,0,0
영락리 방파제,"['돌고래', '가족', '보트', '가와']",0,0,0
과물노천탕,"['천수', '구경', '갯바위', '벌레', '지하']",0,0,0
제주올레19코스 공식안내소,"['관리', '감사']",0,0,0
거린사슴 전망대,"['고지', '전망대', '서귀포시', '서귀포', '야경']",1,0,2
성산일출봉 인증센터,"['성비', '호텔']",0,0,0
다락쉼터 인증센터,[''],0,0,0
법환바당 인증센터,[''],0,0,0
황우치해변,"['쓰레기', '해변', '코스', '제주', '장관']",0,0,0
대수산봉,"['정상', '성산', '일출봉', '사람', '오름']",0,0,0
황우지해안열두굴,"['진입', '금지', '선녀탕', '왼쪽']",0,0,0
라온쥬,"['동물', '팀장', '직원', '동물원', '친절']",0,0,0
잃어버린마을곤을동,"['마을', '역사', '집터', '자란', '피해']",0,0,0
광치기중간,"['해변', '사람', '사진', '일출', '오후']",0,0,0
삼매봉,"['정상', '오름', '입구', '주소', '이용']",0,0,0
복자 김기량 순교현양비,"['기량', '제주도', '기도', '정비', '관리']",0,0,0
왕이메,"['오름', '분화구', '숲길', '정상', '주차']",1,0,0
원당봉,"['바퀴', '탑사', '산책', '원당', '강사']",0,0,0
아라고나이트 고온천,"['온천', '수영장', '이용', '최고', '석회']",0,0,0
송악산 진지동굴,"['동굴', '진지', '해안', '보트', '폭탄']",0,0,0
식산봉,"['성산', '일출봉', '산책', '코스', '오름']",0,0,0
송악산 인증센터,"['할인', '자전거', '사장', '스탬프', '관리']",0,0,0
세미양오름,"['오름', '정상', '제주시', '최고', '코스']",0,0,0
서건도,"['썰물', '천수', '산책로', '쉼터', '기분']",0,0,0
보목해안도로,[''],0,0,0
올레요7쉼터,"['친절', '파전', '한장', '포장', '해물']",0,0,0
김녕금속공예벽화마을,"['곳곳', '벽화', '처음', '방문', '금속']",0,0,0
선인장자생지,"['선인장', '산책', '해변', '제주도', '사이']",0,0,0
한라산 정상안내소,"['최고', '구름']",0,0,0
감사공묘역,"['사유지', '벚꽃', '사람', '주차', '개방']",0,0,0
수산봉둘레길,"['수산', '저수지', '소요', '하늘', '바다']",0,0,0
제주모슬포알뜨르비행장 일제 지하벙커,"['제주', '벙커', '소리', '쓰레기', '사람']",0,0,0
새별오름관광타운,"['핫도그', '제주도', '오름', '최고']",0,0,0
치유의숲 방문자센터,"['예약', '숲길', '산책', '참고', '치유']",0,0,0
김녕사굴,"['안전', '문제', '폐쇄', '기대', '입구']",0,0,0
제주올레16코스 공식안내소,"['스탬프', '코스', '올레길', '투어', '시작']",0,0,0
추억의숲길,"['숲길', '사람', '자연', '운동화', '슬리퍼']",0,0,0
솜반천,"['물놀이', '워터파크', '냇가', '사람', '구명조끼']",0,0,0
한라산영실,"['최고', '동규', '철쭉']",0,0,0
표선해안도로,"['평화', '제주', '바람', '백사장', '커피']",0,0,0
붉은오름,"['바람', '가야', '제멋']",0,0,0
돛오름,"['정상', '오름', '경사', '사람', '자림']",0,0,0
형제섬,['스노클링'],0,0,0
제주곶자왈도립공원 탐방안내소,"['산책', '할거', '나머지', '무리', '풍경']",0,0,0
한라산둘레길 동백길,[''],0,0,0
매오름,"['오름', '사람', '주차장', '성산', '일출봉']",0,0,0
바농오름,"['코스', '정상', '오름', '입구', '경사']",0,0,0
해거름마을공원 인증센터,[''],0,0,0
대정향교,"['기운', '설명', '사람', '장소', '송악산']",0,0,0
제주올레5코스 공식안내소,"['안내', '선생님', '친절', '근처', '숙소']",0,0,0
동검은이오름,"['오름', '사진', '정상', '입구', '추천']",0,0,0
월라봉,"['코스', '사진', '정상', '올레', '운용']",0,0,0
편백나무숲,[''],0,0,0
한라산둘레길 돌오름길,"['구간', '둘레길', '중', '구', '숲길']",0,0,0
당오름,"['둘레길', '걷기', '나무', '새소리', '맛집']",0,0,0
높은오름,"['오름', '정상', '말똥', '사람', '경사']",0,0,0
한라산국립공원 돈내코탐방로,"['주차장', '윗세오름', '도착', '출발', '탐방']",0,0,0
열리해안도로,"['올레길', '드라이브', '포구', '해변', '차로']",0,0,0
안세미오름,"['정상', '조심', '주차장', '오르막', '정자']",0,0,0
무병장수테마파크,"['친절', '국궁', '사장', '처음', '시설']",0,0,0
관곶,"['동쪽', '보고싶다', '해남', '땅끝마을', '유명한']",0,0,0
원물오름,"['사람', '오름', '정상', '말똥', '제주']",0,0,0
도두추억애거리,"['조형물', '도두항', '방향', '방파제', '조성']",0,0,0
별도봉산책로,"['장수', '산책로', '제주', '은비', '도봉']",0,0,0
숫모르숲길,"['예전', '사람', '숲길', '힐링', '장소']",0,0,0
제주4.3 안덕 평화공원,"['역사', '무고', '사람', '기억', '제주']",0,0,0
송당본향당,"['제주', '은비', '민속문화재', '무속', '신앙']",0,0,0
개오름,"['정상', '둘레길', '오름', '입구', '목장']",0,0,0
한라산둘레길 천아숲길,"['바위', '포인트', '길이', '후반', '포장도로']",0,0,0
범섬,"['우리집', '카페', '에이', '마당']",0,0,0
한라산사라오름 산정호수,"['오름', '이예', '구름', '커피', '한라산']",0,0,0
신화가든,"['호가', '부모', '경제', '여유', '쇼핑']",0,0,0
모슬봉,"['경치', '설명', '어려움', '한라산', '산방산']",0,0,0
민오름,"['계단', '정상', '오름', '권장', '풍경']",0,0,0
고근산 산책로,"['산책로', '계단', '장관', '고지', '저녁']",0,0,0
미악산,"['주차장', '정상', '코스', '군부', '추천']",0,0,0
제주향농원,"['추천', '별점', '친절', '선물']",0,0,0
이중섭거주지,"['이중섭', '파란만장', '인생', '거주지']",0,0,0
족은노꼬메오름,"['나무', '숲길', '분위기', '급경사', '인기']",0,0,0
우뭇개해안,"['일출봉', '성산', '보트', '해안', '명소']",0,0,0
서우봉 일몰지,"['일몰', '생각', '의자', '곳곳', '위험']",0,0,0
정난주마리아묘,"['천주교', '순교자', '순례지', '삼위일체', '대성당']",0,0,0
제주올레14코스 공식안내소,[''],0,0,0
개다리폭포,[''],0,0,0
세리월드 카트레이싱,"['카트', '천원', '핸들', '인터넷', '현장']",0,0,0
톨칸이해변,[''],0,0,0
다랑쉬굴,"['차량', '다랑쉬오름', '역사', '사건', '희생자']",0,0,0
중엄새물,"['관리', '분이', '모양']",0,0,0
